id,template_id,category,check_point,specification,expected_value,acceptance_criterion,tolerance,photos_required,priority,line_order
d865d948-3aa9-508d-9b7b-cc4c9c26c7a7,10f49b5b-78cf-5f26-8fec-1f4ca306f92e,Before Excavation,"Site Inspection: Site Inspection done to evaluate existing conditions, obstructions including underground service lines if any?",NULL,NULL,NULL,NULL,false,medium,0
e31de210-1b06-586e-b5bb-11792a0dbfb8,10f49b5b-78cf-5f26-8fec-1f4ca306f92e,Before Excavation,"Visual Documentation: Documentation done for the current status of nearby structures through photos, videos or other records?",NULL,NULL,NULL,NULL,true,medium,1
ae14c6f0-4437-58a5-9c57-9ff0ee0dda30,10f49b5b-78cf-5f26-8fec-1f4ca306f92e,Before Excavation,"Clearing the Site: Site clearance done for vegetation, debris, and obstructions as necessary before excavation begins?",NULL,NULL,NULL,NULL,false,medium,2
f56f0e30-0709-5c7c-8d4f-593bbe2d03d7,10f49b5b-78cf-5f26-8fec-1f4ca306f92e,Before Excavation,"Excavation Planning: Excavation plan done specifying depths, slopes, and locations for different areas within the site.",NULL,NULL,NULL,NULL,false,medium,3
5615d19d-d291-5742-bf84-b81c40795454,10f49b5b-78cf-5f26-8fec-1f4ca306f92e,Before Excavation,Plan for Dewatering: Has a plan for dewatering been established to manage water levels effectively during excavation?,NULL,NULL,NULL,NULL,false,medium,4
2848ca48-0a60-5ca4-ab08-491152e97ea1,10f49b5b-78cf-5f26-8fec-1f4ca306f92e,Before Excavation,"Excavation Safety: Are safety measures, including protective gear and barriers, implemented to ensure worker safety during excavation and safety training provided to workers and equipment operators?",NULL,NULL,NULL,NULL,false,medium,5
1f59a688-49b4-53fb-be68-f8616bf4e5d5,10f49b5b-78cf-5f26-8fec-1f4ca306f92e,Before Excavation,"Excavation Equipment: Has the excavation equipment been checked to ensure that it is in good working condition including operator license, equipment insurance etc?",NULL,NULL,NULL,NULL,false,medium,6
447e1e23-217c-53aa-bb98-f689e4e70e41,10f49b5b-78cf-5f26-8fec-1f4ca306f92e,Before Excavation,"Verification of Documents: Have documents such as operator licenses, equipment insurance, and other relevant documents been verified?",NULL,NULL,NULL,NULL,false,medium,7
bc6c7d29-f6aa-5877-b6bb-02c0bdae4969,10f49b5b-78cf-5f26-8fec-1f4ca306f92e,Before Excavation,Checking the Dimension: Are the trench dimensions verified to conform to the specifications outlined in the construction drawings?,NULL,NULL,NULL,NULL,false,medium,8
0b8f659b-226b-5597-bcbd-fd797c7de853,10f49b5b-78cf-5f26-8fec-1f4ca306f92e,During Excavation,Soil Excavation: Was the excavation checked based on the drawing?,NULL,NULL,NULL,NULL,false,medium,9
0544ba28-58ff-5b0f-9c4a-95be81c227e9,10f49b5b-78cf-5f26-8fec-1f4ca306f92e,During Excavation,Adequate Working Spaces: Has confirmation been made that there are sufficient working spaces provided all around the excavation area for safe and efficient work?,NULL,NULL,NULL,NULL,false,medium,10
b8c84c61-7e1e-5702-a5db-dd110e74492c,10f49b5b-78cf-5f26-8fec-1f4ca306f92e,During Excavation,"Embankment Construction: Have you checked if the embankments are made with the specified dimensions, slopes, and compaction requirements?",NULL,NULL,NULL,NULL,false,medium,11
ae2766e3-179c-57ba-a257-fbe5612d5323,10f49b5b-78cf-5f26-8fec-1f4ca306f92e,During Excavation,Slope Stability: Are the slopes checked to ensure they are stable and safe for excavation?,NULL,NULL,NULL,NULL,false,medium,12
8d131b56-a0c8-502d-bc86-8472f7c9c08b,10f49b5b-78cf-5f26-8fec-1f4ca306f92e,During Excavation,Drainage Considerations: Has the drainage design and installation been checked to ensure dewatering of waterlogged areas?,NULL,NULL,NULL,NULL,false,medium,13
d247a910-5e0c-5edf-8be0-9f38ebeec7b9,10f49b5b-78cf-5f26-8fec-1f4ca306f92e,During Excavation,Support and Access Provision: Have proper support structures and access points been provided for the excavated sides to ensure safety and ease of work?,NULL,NULL,NULL,NULL,false,medium,14
b8866bd0-38b0-5e6f-88ad-c19db35f0410,10f49b5b-78cf-5f26-8fec-1f4ca306f92e,During Excavation,Barricading and Caution Signs: Are appropriate barricades and caution signs in place for safety purposes?,NULL,NULL,NULL,NULL,false,medium,15
7f0abec0-e3b1-502f-b2a4-f0bd6775d629,10f49b5b-78cf-5f26-8fec-1f4ca306f92e,After Excavation,"Record Keeping: Are relevant records maintained for excavation and quality control activities, including measurements?",NULL,NULL,NULL,NULL,false,medium,16
a3b1db9b-81c1-545b-b0cf-91e61e96ffbc,10f49b5b-78cf-5f26-8fec-1f4ca306f92e,After Excavation,Safety Inspections: Have safety inspections been conducted and ensured safety in the excavated area?,NULL,NULL,NULL,NULL,false,medium,17
a20ca012-182a-5add-9eeb-943bb26d2196,10f49b5b-78cf-5f26-8fec-1f4ca306f92e,After Excavation,Final Inspection: Was the final inspection conducted before proceeding to the next phase?,NULL,NULL,NULL,NULL,false,medium,18
f52bc82a-4389-57ea-a81f-fa6598025675,10f49b5b-78cf-5f26-8fec-1f4ca306f92e,After Excavation,Site Clean-up: Has the site been cleaned of debris and materials after earthwork is completed?,NULL,NULL,NULL,NULL,false,medium,19
c409c716-02de-5dd0-88b1-7b01ee7821c2,028d0670-842c-5bf0-937b-68e1b178c552,Before Setting Out,Review the Plans: Were architectural and structural AFC drawings checked and found OK?,NULL,NULL,NULL,NULL,false,medium,0
fcaa17bc-895d-593b-bef9-7e658fed4bb3,028d0670-842c-5bf0-937b-68e1b178c552,Before Setting Out,"Site Inspection and Preparation: Has the existing features, boundaries, obstacles been checked? Has vegetation been cleared, and the site prepared accordingly?",NULL,NULL,NULL,NULL,false,medium,1
79e7fbf6-6b7e-5a59-b245-8d953b2987ec,028d0670-842c-5bf0-937b-68e1b178c552,Before Setting Out,Establish Baselines: Have reference baselines and sub-baselines been checked and established as per drawings?,NULL,NULL,NULL,NULL,false,medium,2
bda12d44-2841-50ee-b2e8-a4d385f34077,028d0670-842c-5bf0-937b-68e1b178c552,Before Setting Out,Benchmarks: Have permanent benchmarks been established?,NULL,NULL,NULL,NULL,false,medium,3
1fc3fef9-23fa-5d1f-b0d8-3f1f8aadefbd,028d0670-842c-5bf0-937b-68e1b178c552,Before Setting Out,Grid Lines: Have grid lines been established in both directions?,NULL,NULL,NULL,NULL,false,medium,4
94ff52da-9531-5bd2-8c95-b78bf3ac07fa,028d0670-842c-5bf0-937b-68e1b178c552,Before Setting Out,Survey Equipments: Are all survey equipment available and checked for usability calibration?,NULL,NULL,NULL,NULL,false,medium,5
79cefb55-4e0e-5cc1-8cdc-9ce0fa7da6f3,028d0670-842c-5bf0-937b-68e1b178c552,During Setting Out,"Marking Tools: Have necessary layout tools, such as chalk lines, marking paint, and pegs been checked?",NULL,NULL,NULL,NULL,false,medium,6
eeb3d626-07d7-5402-ac22-6c81e7196cd9,028d0670-842c-5bf0-937b-68e1b178c552,During Setting Out,Setbacks: Have setbacks been checked in accordance with the drawings?,NULL,NULL,NULL,NULL,false,medium,7
24e55f67-655a-538b-bb22-928f530ab9e0,028d0670-842c-5bf0-937b-68e1b178c552,During Setting Out,Safety Measures: Have safety precautions been checked for setting-out points?,NULL,NULL,NULL,NULL,false,medium,8
dabe38fb-8946-5592-83be-bce342f6fd92,028d0670-842c-5bf0-937b-68e1b178c552,During Setting Out,Record Keeping: Is detailed records of measurements being maintained?,NULL,NULL,NULL,NULL,false,medium,9
c342d2ca-0423-5404-95c7-c96a00b81e21,028d0670-842c-5bf0-937b-68e1b178c552,After Setting Out,"Quality Control: Have measurements been checked for accuracy, including the right angle and diagonals?",NULL,NULL,NULL,NULL,false,medium,10
81f1e6cf-81e0-5b2c-afd9-d0257caeab2b,028d0670-842c-5bf0-937b-68e1b178c552,After Setting Out,Issue Resolution: Have deviations identified during the setting-out process been effectively addressed and resolved as per the standard procedure?,NULL,NULL,NULL,NULL,false,medium,11
feb13eec-644f-5ae5-a53d-b751e5f1132d,028d0670-842c-5bf0-937b-68e1b178c552,After Setting Out,Final Inspection: Was a final inspection conducted before proceeding to the next phase of work?,NULL,NULL,NULL,NULL,false,medium,12
f400e606-bdb5-549d-b101-ab47b3ee44b7,128689df-9e5e-51f5-b621-bdcaf09f5d2e,Before Piling,"Site Preparation: Has the piling site been prepared, obstructions cleared, and safe access ensured for piling equipment?",NULL,NULL,NULL,NULL,false,medium,0
33bce608-8e06-5b07-915e-8d01f49385c1,128689df-9e5e-51f5-b621-bdcaf09f5d2e,Before Piling,Line & Level Preparation: Have reference lines and levels been established for precise pile positioning according to the design specifications?,NULL,NULL,NULL,NULL,false,medium,1
828f1f22-2aec-527d-9b72-aed946ce0b3a,128689df-9e5e-51f5-b621-bdcaf09f5d2e,Before Piling,Adjacent Pile Spacing: Is the correct spacing between adjacent piles checked and maintained as per project requirements?,NULL,NULL,NULL,NULL,false,medium,2
26437920-9073-5705-8b79-e937185dbbda,128689df-9e5e-51f5-b621-bdcaf09f5d2e,Before Piling,"Reinforcement Details: Have the type, size, and arrangement of reinforcement bars or cages been verified as per the structural drawing?",NULL,NULL,NULL,NULL,false,medium,3
cb36d6ff-b25c-5c02-8e53-703155102ff2,128689df-9e5e-51f5-b621-bdcaf09f5d2e,Before Piling,Cover Block Placement: Is the proper placement of cover blocks ensured to protect reinforcement and maintain concrete cover?,NULL,NULL,NULL,NULL,false,medium,4
5c35d2c4-1ad9-5e1a-b57b-01f69a2a62a2,128689df-9e5e-51f5-b621-bdcaf09f5d2e,Before Piling,Working Condition of Equipment: Have piling equipment been inspected to ensure they are in working condition?,NULL,NULL,NULL,NULL,false,medium,5
0eb1e7bc-92fe-5b50-949e-cd8abb413ff4,128689df-9e5e-51f5-b621-bdcaf09f5d2e,Before Piling,"Quality of Construction Material: Has the quality of construction materials, including concrete, steel been tested & verified?",NULL,NULL,NULL,NULL,false,medium,6
9dbccbea-67b7-5c48-9873-fa67dfff3954,128689df-9e5e-51f5-b621-bdcaf09f5d2e,Before Piling,Concrete Mix Design: Has the concrete mix design been checked to meet the specified strength and durability?,NULL,NULL,NULL,NULL,false,medium,7
32121ba4-ed35-5dc0-bb23-22c3ecfc2a2c,128689df-9e5e-51f5-b621-bdcaf09f5d2e,Before Piling,"Safety Measures: Have safety protocols been implemented, and protective gear provided to ensure the safety of workers and the site?",NULL,NULL,NULL,NULL,false,medium,8
033e2b88-16e7-5c49-8ca2-4066737da609,128689df-9e5e-51f5-b621-bdcaf09f5d2e,Before Piling,Quality Control Procedures: Have quality control measures including QTBT been implemented to ensure compliance with design specifications and industry standards?,NULL,NULL,NULL,NULL,false,medium,9
e390b411-e955-5984-b8be-c69efdf69409,128689df-9e5e-51f5-b621-bdcaf09f5d2e,During Piling,Rig Placing: Has the rig placed properly over the pile location for accurate driving?,NULL,NULL,NULL,NULL,false,medium,10
44336423-87f5-5a42-af03-914b748579f0,128689df-9e5e-51f5-b621-bdcaf09f5d2e,During Piling,Centering of Casing: Is the casing correctly centered over the pile location?,NULL,NULL,NULL,NULL,false,medium,11
82a85461-b55e-502b-b675-64bf077913ec,128689df-9e5e-51f5-b621-bdcaf09f5d2e,During Piling,Density of Bentonite Slurry: Is the proper density of bentonite slurry being monitored and maintained for supporting the borehole and stabilizing the soil?,NULL,NULL,NULL,NULL,false,medium,12
7968a663-d3b5-5f2c-afd3-786584d36fed,128689df-9e5e-51f5-b621-bdcaf09f5d2e,During Piling,Taking of Soil Samples: Have soil samples been collected from the borehole for geotechnical testing and analysis?,NULL,NULL,NULL,NULL,false,medium,13
27a5df3d-79ce-5afb-852e-fac581c003d4,128689df-9e5e-51f5-b621-bdcaf09f5d2e,During Piling,Number of Blows for SPT 'N': Have the number of blows required to achieve the specified 'N' value during the Standard Penetration Test (SPT) for soil characterization been recorded?,NULL,NULL,NULL,NULL,false,medium,14
73f9136f-06bb-5d37-812e-cd6d4c08dd0c,128689df-9e5e-51f5-b621-bdcaf09f5d2e,During Piling,Reinforcement Details: Is the placement and alignment of reinforcement bars or cages inside the pile continuously monitored during driving?,NULL,NULL,NULL,NULL,false,medium,15
133ad4d4-88be-57bc-a2a2-3b1c877497ce,128689df-9e5e-51f5-b621-bdcaf09f5d2e,During Piling,Safety Measures: Are safety protocols and protective gear consistently enforced during the piling process?,NULL,NULL,NULL,NULL,false,medium,16
4277512e-05aa-59ae-bc76-0a635bbf2b7f,128689df-9e5e-51f5-b621-bdcaf09f5d2e,After Piling,"Actual Cement Consumption: Has the actual cement consumption for pile concreting been calculated and documented, and has it been compared to the estimated consumption?",NULL,NULL,NULL,NULL,false,medium,17
6087c866-e12c-5832-aa2d-b20d56b1a3e9,128689df-9e5e-51f5-b621-bdcaf09f5d2e,After Piling,Concrete Test and Samples: Has slump tests are conducted during the concrete and cube samples are prepared as per the standard requirements.,NULL,NULL,NULL,NULL,false,medium,18
e26d3d24-ac41-5213-852e-12dc3c7454b0,128689df-9e5e-51f5-b621-bdcaf09f5d2e,After Piling,"Maintaining Bore Log: Are detailed borehole logs being maintained, including soil and rock information, borehole dimensions, drilling conditions and reinforment details for future reference?",NULL,NULL,NULL,NULL,false,medium,19
bb960ec1-8bc3-542b-836a-87425942e36e,3bdffcc8-8ece-5efe-8097-3626bda14234,Before,Safety Measures: Have all safety precautions been checked and implemented?,NULL,NULL,NULL,NULL,false,medium,0
143a3c14-54e5-5c83-8736-f6a9f5ca71fa,3bdffcc8-8ece-5efe-8097-3626bda14234,Before,Material Quality: Has the quality of backfill materials been checked?,NULL,NULL,NULL,NULL,false,medium,1
04835006-72c3-53c0-ac88-4782a6421e51,3bdffcc8-8ece-5efe-8097-3626bda14234,Before,Backfilling Compliance: Is backfilling being done in layers as specified?,NULL,NULL,NULL,NULL,false,medium,2
abd38140-cbc1-534f-a269-4e0fcbac4117,3bdffcc8-8ece-5efe-8097-3626bda14234,Before,Moisture Management: Are appropriate moisture levels being maintained during backfilling?,NULL,NULL,NULL,NULL,false,medium,3
f33d8edc-a292-5902-8d66-867a1e337deb,3bdffcc8-8ece-5efe-8097-3626bda14234,During,Inspection and Testing: Is regular inspection and testing of backfill work being conducted?,NULL,NULL,NULL,NULL,false,medium,4
69ee32c8-e32f-5470-b6cd-cc795d938188,3bdffcc8-8ece-5efe-8097-3626bda14234,During,Compaction Compliance: Does the compaction meet the specified standards?,NULL,NULL,NULL,NULL,false,medium,5
2bebb3d9-3d4e-50be-9439-8385dfb4d1c6,3bdffcc8-8ece-5efe-8097-3626bda14234,During,Backfill Level Compliance: Is the backfilling done up to the specified levels as required?,NULL,NULL,NULL,NULL,false,medium,6
5c791633-c253-59e9-aad7-a576a2bf3b21,3bdffcc8-8ece-5efe-8097-3626bda14234,After,Surplus Earth Disposal: Has the disposal of surplus earth from the work site been confirmed?,NULL,NULL,NULL,NULL,false,medium,7
e1f8a62e-7512-5a00-b6fe-ea715a6d7b54,2d14c434-1224-5d5f-9620-d4678ecff900,Pre-Treatment Checklist,Pre-Inspection: Has the area been inspected to assess termite infestation?,NULL,NULL,NULL,NULL,false,medium,0
fe11effd-586c-56b7-9966-9210ce6a45a3,2d14c434-1224-5d5f-9620-d4678ecff900,Pre-Treatment Checklist,Safety Precautions: Are safety measures for workers and occupants being implemented?,NULL,NULL,NULL,NULL,false,medium,1
8a40f83e-c0ef-5b4d-b2d7-9bbf87dd632e,2d14c434-1224-5d5f-9620-d4678ecff900,Pre-Treatment Checklist,Chemical Selection: Have appropriate termiticides and chemicals been chosen?,NULL,NULL,NULL,NULL,false,medium,2
0e08f059-58b7-52a1-a766-a2b9d35a73c1,2d14c434-1224-5d5f-9620-d4678ecff900,Pre-Treatment Checklist,Chemical Concentration: Is the concentration of the chemical emulsion within the AJeptable range?,NULL,NULL,NULL,NULL,false,medium,3
b3efdf14-b9ab-5328-bd44-0b6d0429d73c,2d14c434-1224-5d5f-9620-d4678ecff900,Pre-Treatment Checklist,Earthwork Completion: Has earthwork for the treated area been completed?,NULL,NULL,NULL,NULL,false,medium,4
f0d7d896-3c56-51ab-b84a-388411f2213e,2d14c434-1224-5d5f-9620-d4678ecff900,Pre-Treatment Checklist,"Equipment Condition: Is the spraying equipment, such as pumps, in good working condition?",NULL,NULL,NULL,NULL,false,medium,5
589e7ee4-5969-5107-b853-a6a8fd5184d6,2d14c434-1224-5d5f-9620-d4678ecff900,Pre-Treatment Checklist,Warranties and Guarantees: Have the warranties or guarantees provided by the pest control professional been verified?,NULL,NULL,NULL,NULL,false,medium,6
233f6c67-dad9-5dbf-b06d-8dd3e3e9e3e9,2d14c434-1224-5d5f-9620-d4678ecff900,During-Treatment Checklist,Surface Preparation: Have surfaces been prepared by removing obstructions and debris?,NULL,NULL,NULL,NULL,false,medium,7
144bea1e-ac32-5460-a683-a62470f962d2,2d14c434-1224-5d5f-9620-d4678ecff900,During-Treatment Checklist,Hole-Making Intervals and Depth: Is there consistency in hole-making intervals and depth for effective treatment?,NULL,NULL,NULL,NULL,false,medium,8
02c34525-94ee-5851-8853-854ae738ff0d,2d14c434-1224-5d5f-9620-d4678ecff900,During-Treatment Checklist,Uniform Chemical Application: Has the chemical emulsion been uniformly applied?,NULL,NULL,NULL,NULL,false,medium,9
12f880d5-24dd-5bcb-9e38-d59ece8732e4,2d14c434-1224-5d5f-9620-d4678ecff900,Post-Treatment Checklist,Monitoring and Inspection: Is post-treatment monitoring and periodic inspection being implemented?,NULL,NULL,NULL,NULL,false,medium,10
dd8732f0-34fa-5084-b58b-6d0132c379c6,2d14c434-1224-5d5f-9620-d4678ecff900,Post-Treatment Checklist,"Record Keeping: Are records of treatment, chemical use, and inspection results being maintained?",NULL,NULL,NULL,NULL,false,medium,11
5986e6c2-b23f-5335-be56-d21ff7b17a79,2d14c434-1224-5d5f-9620-d4678ecff900,Post-Treatment Checklist,Post-Treatment Actions: Have any recommended post-treatment actions been followed up?,NULL,NULL,NULL,NULL,false,medium,12
e6544dae-ee83-52c6-9fda-2ae8522dec3d,55cdb0c2-f5f9-5fcd-a2c8-5b3d972333dc,Before Shuttering,"Review Plans and Drawings: Have the architectural, structural plans and AFC Drawings been reviewed?",NULL,NULL,NULL,NULL,false,medium,0
f0cd0f7b-c7e5-5f61-b8d2-8ef538f44573,55cdb0c2-f5f9-5fcd-a2c8-5b3d972333dc,Before Shuttering,"Material Inspection: Has the quality and dimensions of shuttering materials (plywood, timber, steel, etc.) been inspected?",NULL,NULL,NULL,NULL,false,medium,1
28534977-c116-5606-9164-b8be6ec9889c,55cdb0c2-f5f9-5fcd-a2c8-5b3d972333dc,Before Shuttering,Site Preparation: Is the site level and prepared for shuttering?,NULL,NULL,NULL,NULL,false,medium,2
8d554c89-b75d-5112-a65c-2d0b25bc56b0,55cdb0c2-f5f9-5fcd-a2c8-5b3d972333dc,Before Shuttering,Layout and Marking: Have the layout and dimensions for the shuttering been accurately marked?,NULL,NULL,NULL,NULL,false,medium,3
fbde9c9c-e9b3-5e9c-ad70-370e665d05d7,55cdb0c2-f5f9-5fcd-a2c8-5b3d972333dc,Before Shuttering,Safety Measures: Are safety precautions for workers and the surrounding area being implemented?,NULL,NULL,NULL,NULL,false,medium,4
5133cc89-c612-5092-8956-1f74f0aa24f0,55cdb0c2-f5f9-5fcd-a2c8-5b3d972333dc,During Shuttering,"Proper Alignment and Leveling: Is the shuttering level, plumb, and aligned with the design plans?",NULL,NULL,NULL,NULL,false,medium,5
e95d6033-8b0f-5255-b3d0-2079bf7a5c51,55cdb0c2-f5f9-5fcd-a2c8-5b3d972333dc,During Shuttering,Secure Joints: Have joints and gaps in the shuttering been securely fastened to prevent the leakage of concrete?,NULL,NULL,NULL,NULL,false,medium,6
42b87c4a-eff9-5c14-887f-0c4b3d1ef53d,55cdb0c2-f5f9-5fcd-a2c8-5b3d972333dc,During Shuttering,Adequate Tie Rods and Reinforcement: Are tie rods and reinforcement correctly placed in the shuttering for structural stability?,NULL,NULL,NULL,NULL,false,medium,7
5a81e6bc-780d-5eb2-a49f-04c80838dac2,55cdb0c2-f5f9-5fcd-a2c8-5b3d972333dc,During Shuttering,"Properly Supported Props: Are all wooden/steel props supported on a rigid, flat surface and tightly secured?",NULL,NULL,NULL,NULL,false,medium,8
57e830df-354f-5842-a902-f70a23f6f784,55cdb0c2-f5f9-5fcd-a2c8-5b3d972333dc,During Shuttering,Bracing System: Is the support system properly braced for stability?,NULL,NULL,NULL,NULL,false,medium,9
45ab16cd-d9c6-54d3-b860-8acfa2e39a65,55cdb0c2-f5f9-5fcd-a2c8-5b3d972333dc,During Shuttering,Side Support Inspection: Have the side supports of each beam been checked to eliminate the chance of bulging?,NULL,NULL,NULL,NULL,false,medium,10
e920ce1d-10f6-5255-84ce-283002537828,55cdb0c2-f5f9-5fcd-a2c8-5b3d972333dc,During Shuttering,"Location of Openings: Has the location of spouts, inserts, or openings been verified according to the design?",NULL,NULL,NULL,NULL,false,medium,11
35be2480-2bc5-5be6-8a3f-37d4a93a9202,55cdb0c2-f5f9-5fcd-a2c8-5b3d972333dc,During Shuttering,Sunken Flat Area Position: Is the level and position of sunken flat areas in accordance with specifications?,NULL,NULL,NULL,NULL,false,medium,12
f0ba63af-23f6-51fa-a0aa-56b1e3b5f6c5,55cdb0c2-f5f9-5fcd-a2c8-5b3d972333dc,After Shuttering,Cleaning and Preparation: Has the formwork been thoroughly cleaned before starting the reinforcement work?,NULL,NULL,NULL,NULL,false,medium,13
417c22c9-82bf-529b-8932-3be8357bbc71,55cdb0c2-f5f9-5fcd-a2c8-5b3d972333dc,After Shuttering,Waste Disposal: Are waste materials being disposed of according to the environmental regulations?,NULL,NULL,NULL,NULL,false,medium,14
f471976f-156b-571f-abc3-5c8a5f2faed3,dab3b565-b360-5e4b-ac8f-241506758bef,Before Reinforcement Placement,"Review Structural Plans: Have the structural plans, reinforcement details and AFC drawings been thoroughly checked?",NULL,NULL,NULL,NULL,false,medium,0
065534af-027d-56b4-981d-c754bcb0b1b1,dab3b565-b360-5e4b-ac8f-241506758bef,Before Reinforcement Placement,Brand of steel: Mention the brand the steel in the remark column,NULL,NULL,NULL,NULL,false,medium,1
a3c8017c-ce90-565e-9cf1-536960b9f632,dab3b565-b360-5e4b-ac8f-241506758bef,Before Reinforcement Placement,Material Inspection: Has the quality and dimensions of reinforcement bars (rebar) and mesh been inspected?,NULL,NULL,NULL,NULL,false,medium,2
3111cb9f-2a95-5eaa-84c3-1c025d79e99f,dab3b565-b360-5e4b-ac8f-241506758bef,Before Reinforcement Placement,Bar Bending Schedule: Does the bar bending schedule match the structural drawings?,NULL,NULL,NULL,NULL,false,medium,3
000eae66-3785-560b-b837-721de513498d,dab3b565-b360-5e4b-ac8f-241506758bef,Before Reinforcement Placement,"Fabrication at Yard: Has sample fabrication of each type of bar been done at the fabrication yard, with dimensions checked and cut length verified before mass production?",NULL,NULL,NULL,NULL,false,medium,4
77b9826d-78f3-5ac5-84b6-fb5737d4f62e,dab3b565-b360-5e4b-ac8f-241506758bef,Before Reinforcement Placement,Storage and Handling: Is there proper storage and handling of reinforcement materials to prevent damage?,NULL,NULL,NULL,NULL,false,medium,5
9aefac27-a87f-5487-a07f-819435c7b415,dab3b565-b360-5e4b-ac8f-241506758bef,Before Reinforcement Placement,Safety Measures: Are safety precautions for workers and the construction site being implemented?,NULL,NULL,NULL,NULL,false,medium,6
c61d32a2-7299-556d-8e6e-504ad5c1f619,dab3b565-b360-5e4b-ac8f-241506758bef,During Reinforcement Placement,Bar Alignment and Spacing: Are the reinforcement bars aligned and spaced correctly according to the design specifications?,NULL,NULL,NULL,NULL,false,medium,7
a41afb98-e548-5b6d-8a75-dccff9e221a8,dab3b565-b360-5e4b-ac8f-241506758bef,During Reinforcement Placement,"Overlaps and Lapping: Have laps been staggered, lap lengths checked and recorded, and spacer bars provided wherever necessary and recorded?",NULL,NULL,NULL,NULL,false,medium,8
04b865a5-28d8-535f-9b0f-bcea0c906cf2,dab3b565-b360-5e4b-ac8f-241506758bef,During Reinforcement Placement,Chairs or Supports: Are chairs or spacers being used to maintain the correct cover (distance between bars and formwork)?,NULL,NULL,NULL,NULL,false,medium,9
c44a6074-7b40-55c6-8465-932d5dc68926,dab3b565-b360-5e4b-ac8f-241506758bef,During Reinforcement Placement,Structural earthing: Is structural Earthing works are done?,NULL,NULL,NULL,NULL,false,medium,10
44d53bdd-895a-574e-b086-8246cc98bc95,dab3b565-b360-5e4b-ac8f-241506758bef,During Reinforcement Placement,"Proper Spacing and Cover Blocks: Is the spacing of bars and stirrups in adherence to the drawings, and are a sufficient number of cover blocks of specified thickness being used?",NULL,NULL,NULL,NULL,false,medium,11
c3a3912b-384c-5749-a9af-91cd476b9a57,dab3b565-b360-5e4b-ac8f-241506758bef,During Reinforcement Placement,Safety Standards Compliance: Are safety standards and regulations being followed during the placement of reinforcement?,NULL,NULL,NULL,NULL,false,medium,12
a3b65fc4-69a8-559b-8bda-b8e7ced84eb4,dab3b565-b360-5e4b-ac8f-241506758bef,During Reinforcement Placement,Tie Wire and Fastening: Is appropriate tie wire and fasteners being used to secure the reinforcement in place?,NULL,NULL,NULL,NULL,false,medium,13
0525434e-624b-5efc-8f3f-670765277429,dab3b565-b360-5e4b-ac8f-241506758bef,During Reinforcement Placement,"Construction Joint Reinforcement: At construction joints, have all reinforcement bars extending to the future concreting been provided?",NULL,NULL,NULL,NULL,false,medium,14
2c3a109b-9a41-5820-93c8-84037526bf56,dab3b565-b360-5e4b-ac8f-241506758bef,During Reinforcement Placement,Inserts and Tying: Are inserts fixed in the correct location and tied properly to the reinforcement?,NULL,NULL,NULL,NULL,false,medium,15
2f030676-557a-553c-a9c4-012c51ff059b,dab3b565-b360-5e4b-ac8f-241506758bef,After Reinforcement Placement,"Inspection and Quality Check: Has the reinforcement been inspected for quality, and does it adhere to the design specifications?",NULL,NULL,NULL,NULL,false,medium,16
7c484a65-e483-508a-98b8-b25ab6f2b769,dab3b565-b360-5e4b-ac8f-241506758bef,After Reinforcement Placement,"Cover and Protective Measures: Is the specified concrete cover being maintained, and are there adequate protective measures in place for the reinforcement?",NULL,NULL,NULL,NULL,false,medium,17
96371fb6-0694-57f9-8a7e-ce2603b1364d,dab3b565-b360-5e4b-ac8f-241506758bef,After Reinforcement Placement,"Post-Pour Reinforcement Inspection: After pouring concrete, has a post-pour inspection been conducted to check for any misplacement or shifting of reinforcement?",NULL,NULL,NULL,NULL,false,medium,18
eda8780e-3543-51a1-a13b-6d89b636f3cd,28f3acb4-a45b-53d3-860a-7f5981cf96fa,Before Concreting,"Dimensions, Line, Level, Plumb: Are dimensions, alignment, level, and plumb in accordance with design specifications?",NULL,NULL,NULL,NULL,false,medium,0
5f75507b-3810-5368-99f2-af2343f4d56c,28f3acb4-a45b-53d3-860a-7f5981cf96fa,Before Concreting,Prop Support: Are wooden/steel props properly supported at the bottom on a rigid flat surface and secure?,NULL,NULL,NULL,NULL,false,medium,1
f37ab8da-62bb-5b62-967d-f28cffddaeba,28f3acb4-a45b-53d3-860a-7f5981cf96fa,Before Concreting,Support Bracing: Is the support system adequately braced for stability?,NULL,NULL,NULL,NULL,false,medium,2
ff98ec77-6b57-5fe3-b86f-790c7439cb10,28f3acb4-a45b-53d3-860a-7f5981cf96fa,Before Concreting,Prop Individual Check: Have each prop been individually inspected to ensure they are resting on a rigid base?,NULL,NULL,NULL,NULL,false,medium,3
5a9374cd-5724-561c-a6a6-9f257ae98e76,28f3acb4-a45b-53d3-860a-7f5981cf96fa,Before Concreting,"Spouts/Inserts/ Openings: Are the location and provision of spouts, inserts, and openings verified?",NULL,NULL,NULL,NULL,false,medium,4
90ce1605-a504-599a-bacd-5778050a60fd,28f3acb4-a45b-53d3-860a-7f5981cf96fa,Before Concreting,Sunken Slab Area: Is the level and position of sunken slab areas checked?,NULL,NULL,NULL,NULL,false,medium,5
38df726a-3ca3-5c17-9242-b1cbecbc6014,28f3acb4-a45b-53d3-860a-7f5981cf96fa,Before Concreting,"Shuttering Gaps: Have all gaps in shuttering, which may cause leakage or slurry, been filled or rectified?",NULL,NULL,NULL,NULL,false,medium,6
064f3317-6b33-5b11-bbef-40875a75b131,28f3acb4-a45b-53d3-860a-7f5981cf96fa,Before Concreting,Rebar Work: Is the rebar work following the drawing and free from rust?,NULL,NULL,NULL,NULL,false,medium,7
981ec65d-3548-5a32-b87c-eecc0098535d,28f3acb4-a45b-53d3-860a-7f5981cf96fa,Before Concreting,"Formwork and Staging: Is the formwork and staging inspected for accuracy, strength, and finish?",NULL,NULL,NULL,NULL,false,medium,8
9b5a6c17-7756-5669-8067-82344adb91ba,28f3acb4-a45b-53d3-860a-7f5981cf96fa,Before Concreting,Cover to Reinforcement: Is the cover to reinforcement verified as per specifications?,NULL,NULL,NULL,NULL,false,medium,9
020fe96b-6f75-5f46-a3fc-401d698b47e8,28f3acb4-a45b-53d3-860a-7f5981cf96fa,Before Concreting,Material Quality: Has the quality and availability of materials been checked?,NULL,NULL,NULL,NULL,false,medium,10
3e788214-b34c-517d-960d-335b5f5c0e79,28f3acb4-a45b-53d3-860a-7f5981cf96fa,Before Concreting,Labor Strength: Is there sufficient labor for the job?,NULL,NULL,NULL,NULL,false,medium,11
c9ef56c5-1361-55a7-a7e1-e5ee0674e055,28f3acb4-a45b-53d3-860a-7f5981cf96fa,Before Concreting,Platform Safety: Is the platform safe for both workers and materials?,NULL,NULL,NULL,NULL,false,medium,12
25f77700-f157-5402-b5e1-aa7631016693,28f3acb4-a45b-53d3-860a-7f5981cf96fa,Before Concreting,"MEP Clearance: Has MEP (Mechanical, Electrical, Plumbing) clearance been obtained?",NULL,NULL,NULL,NULL,false,medium,13
531ccf98-0fe6-5910-99a8-6ab08b6dbb0d,28f3acb4-a45b-53d3-860a-7f5981cf96fa,Before Concreting,Equipment Condition: Is the working condition of equipment to be used checked?,NULL,NULL,NULL,NULL,false,medium,14
544be10f-02b8-567e-b614-ad2974969816,28f3acb4-a45b-53d3-860a-7f5981cf96fa,Before Concreting,Testing Equipment Ready: Are there sufficient cube molds and a slump cone ready for concrete testing?,NULL,NULL,NULL,NULL,false,medium,15
b26e0bf3-5899-5eb8-a0bc-3021a55fa3dc,28f3acb4-a45b-53d3-860a-7f5981cf96fa,Before Concreting,Construction Joints Preparation: Are construction joints prepared according to standards?,NULL,NULL,NULL,NULL,false,medium,16
49b77035-e8c6-53c2-b81d-fcdca0972493,28f3acb4-a45b-53d3-860a-7f5981cf96fa,Before Concreting,Pour Plan Submission: Has a pour plan been submitted for large concrete?,NULL,NULL,NULL,NULL,false,medium,17
cc88ed47-1f52-5050-a58a-5b8b8a66d5ca,28f3acb4-a45b-53d3-860a-7f5981cf96fa,During Concreting,Proper Concrete Placement: Is the concrete confirmed to be placed properly?,NULL,NULL,NULL,NULL,false,medium,18
5e0a2e46-2924-5d2b-830a-393d6ae16eb8,28f3acb4-a45b-53d3-860a-7f5981cf96fa,During Concreting,Vibration/Compaction: Is the concrete adequately vibrated or compacted?,NULL,NULL,NULL,NULL,false,medium,19
2518db21-6073-5d04-8dbc-f213da172899,28f3acb4-a45b-53d3-860a-7f5981cf96fa,During Concreting,Cube and Slump Testing: Have the slump test conducted and the number of cubes been taken as per concrete quantity?,NULL,NULL,NULL,NULL,false,medium,20
2e5f507a-076d-5280-9780-736ee16f6eb4,28f3acb4-a45b-53d3-860a-7f5981cf96fa,During Concreting,Surface Level and Plumb: Is the surface level and plumb maintained as required?,NULL,NULL,NULL,NULL,false,medium,21
30ff0bb9-ef88-5dae-8e31-890ad508471e,28f3acb4-a45b-53d3-860a-7f5981cf96fa,During Concreting,Bonding Agents: Have the use of approved bonding agents been checked and ensured as required?,NULL,NULL,NULL,NULL,false,medium,22
d0debac3-f3e3-5cae-9e5b-405a0813fcb9,28f3acb4-a45b-53d3-860a-7f5981cf96fa,After Concreting,Concrete Quantity Record: Has the theoretical and actual quantity of concrete used been recorded?,NULL,NULL,NULL,NULL,false,medium,23
240d7671-4a42-51af-8d6f-359176106bd2,28f3acb4-a45b-53d3-860a-7f5981cf96fa,After Concreting,Curing/Ponding: Is proper curing or ponding confirmed to be provided for the concrete?,NULL,NULL,NULL,NULL,false,medium,24
5f285aab-2373-54c2-b90b-87b1b0aea6a8,28f3acb4-a45b-53d3-860a-7f5981cf96fa,After Concreting,Work Done Date: Is the work done date prominently displayed on vertical RCC members?,NULL,NULL,NULL,NULL,false,medium,25
f3695019-7cfa-57a7-b925-a1eadf4b4f43,28f3acb4-a45b-53d3-860a-7f5981cf96fa,After Concreting,Surface Condition: Has the surface condition been inspected after concreting?,NULL,NULL,NULL,NULL,false,medium,26
82c58f79-d520-59d1-a289-f2c7de2070d9,28f3acb4-a45b-53d3-860a-7f5981cf96fa,After Concreting,Stripping of Shuttering: Is the stripping of shuttering done within the specified duration?,NULL,NULL,NULL,NULL,false,medium,27
96b383e7-7ac3-5d94-8087-c31c8f14e3ff,28f3acb4-a45b-53d3-860a-7f5981cf96fa,After Concreting,Shutter Cleaning: Has the shuttering been cleaned and is it ready for reuse?,NULL,NULL,NULL,NULL,false,medium,28
4c78d65b-fdad-565b-a7f3-33f217f1c5a7,28f3acb4-a45b-53d3-860a-7f5981cf96fa,Post-Completion Inspection,"Documentation: Are records of batching report, inspection results and any relevant documentation being maintained?",NULL,NULL,NULL,NULL,false,medium,29
8a017e83-d0f6-5d0d-ac9f-59fd153396f5,28f3acb4-a45b-53d3-860a-7f5981cf96fa,Post-Completion Inspection,Waste Disposal: Is the disposal of waste materials and containers done in accordance with environmental regulations?,NULL,NULL,NULL,NULL,false,medium,30
0e324ab1-c06f-50f0-a290-908f0fa8ddd8,68a8e7de-52a9-5b4b-97ce-52b77738cd35,Before Masonry Work,Review Masonry Plans: Have the architectural and structural plans for masonry details been reviewed?,NULL,NULL,NULL,NULL,false,medium,0
0fd04797-cc00-5bf1-b4dd-eb0784fd505b,68a8e7de-52a9-5b4b-97ce-52b77738cd35,Before Masonry Work,"Material Inspection: Has the quality and dimensions of blocks/bricks, mortar, and other materials been inspected?",NULL,NULL,NULL,NULL,false,medium,1
5dcd5a2a-3962-567e-832e-f31078a9f61a,68a8e7de-52a9-5b4b-97ce-52b77738cd35,Before Masonry Work,Safety Measures: Are safety precautions for workers and the construction site being implemented?,NULL,NULL,NULL,NULL,false,medium,2
e3aedb54-89a5-57f1-ba1c-0c5fe729b6e5,68a8e7de-52a9-5b4b-97ce-52b77738cd35,Before Masonry Work,"Work Area Cleaning: Has the work area been cleaned of loose mortar, concrete debris, and any hacking remnants?",NULL,NULL,NULL,NULL,false,medium,3
75c77372-6d20-5b31-a2e8-8789d485af8a,68a8e7de-52a9-5b4b-97ce-52b77738cd35,Before Masonry Work,Provision of concrete kerb: Has concrete kerb been provided at required areas as per standard procedure?,NULL,NULL,NULL,NULL,false,medium,4
df6f6ffb-fcc8-5fe4-bee2-25a4db3f132c,68a8e7de-52a9-5b4b-97ce-52b77738cd35,Before Masonry Work,Mixing sheets: Arranged for mixing sheet for mortar mixing?,NULL,NULL,NULL,NULL,false,medium,5
4f1d0b90-3a4d-54e2-9645-8af54ac23ba4,68a8e7de-52a9-5b4b-97ce-52b77738cd35,During Masonry Work,DPC: DPC is provided for all external walls as required.,NULL,NULL,NULL,NULL,false,medium,6
7145c1a6-8c23-5f3f-8d3c-51641a55c73f,68a8e7de-52a9-5b4b-97ce-52b77738cd35,During Masonry Work,Alignment and Location: Have the alignment and location of masonry been checked to ensure they align with the specifications outlined in the plans?,NULL,NULL,NULL,NULL,false,medium,7
c751cad9-023c-5da4-94cb-91e0266e3bfa,68a8e7de-52a9-5b4b-97ce-52b77738cd35,During Masonry Work,Mortar Mix Proportion and Joints: Is the mortar mix proportion and joint thickness in the masonry as per the standard specifications?,NULL,NULL,NULL,NULL,false,medium,8
212c765a-0189-5b6c-b898-800bd923d87f,68a8e7de-52a9-5b4b-97ce-52b77738cd35,During Masonry Work,"Minimize Wastage: Has mortar wastage been minimized through timely application, conservation practices and efficient reutilization?",NULL,NULL,NULL,NULL,false,medium,9
182d7709-b72f-5fa2-9d04-53f72b52798e,68a8e7de-52a9-5b4b-97ce-52b77738cd35,During Masonry Work,"Dimensions and Geometry: Have the dimensions, plumbness, levelness and right angles of the masonry been checked and verified?",NULL,NULL,NULL,NULL,false,medium,10
b151b61d-312e-5676-bfc1-94c7b874cebb,68a8e7de-52a9-5b4b-97ce-52b77738cd35,During Masonry Work,"Check for Bond: Is the bond pattern of the masonry, such as stretcher bond, english bond, etc., checked for adherence to the design specifications?",NULL,NULL,NULL,NULL,false,medium,11
de58cd36-3e11-5c34-a74f-d9199d84d354,68a8e7de-52a9-5b4b-97ce-52b77738cd35,During Masonry Work,Openings for Doors and Windows: Are the sizes and openings for doors and windows verified to match the design specifications?,NULL,NULL,NULL,NULL,false,medium,12
3d3646ec-0cf1-5293-a53c-501e15657bde,68a8e7de-52a9-5b4b-97ce-52b77738cd35,During Masonry Work,10Cm walls: Mid band provided in all 10Cm walls,NULL,NULL,NULL,NULL,false,medium,13
59c565a8-9453-5eac-b3c5-2c13d2ba752e,68a8e7de-52a9-5b4b-97ce-52b77738cd35,During Masonry Work,Lintel casting: Considered the plastering thickness also before placing lintels,NULL,NULL,NULL,NULL,false,medium,14
c4bb90df-df7c-55f1-8317-c79c4db53bca,68a8e7de-52a9-5b4b-97ce-52b77738cd35,After Masonry Work,Work Done Date: Has the work done date been prominently displayed on the masonry walls?,NULL,NULL,NULL,NULL,false,medium,15
af060f9b-d867-5d76-9e9c-ff53b51e45f1,68a8e7de-52a9-5b4b-97ce-52b77738cd35,After Masonry Work,Finish and Cleanliness: Is the masonry finish and cleanliness of the completed work checked and ensured?,NULL,NULL,NULL,NULL,false,medium,16
75206f11-efa7-5b80-acae-a85695f45b70,68a8e7de-52a9-5b4b-97ce-52b77738cd35,After Masonry Work,Curing and Drying Time: Are the curing and drying times being followed as per the specified specifications?,NULL,NULL,NULL,NULL,false,medium,17
3664b8a1-b79c-5a95-a167-e550d7fa5c54,68a8e7de-52a9-5b4b-97ce-52b77738cd35,After Masonry Work,Sill concrete: Has sill concrete been provided for all window openings as per standards?,NULL,NULL,NULL,NULL,false,medium,18
7bd3e0a8-eb54-50e0-b338-c7cc8e332a78,68a8e7de-52a9-5b4b-97ce-52b77738cd35,After Masonry Work,Inspection and Quality Check: Have the quality and finish of the masonry been checked and verified after completion?,NULL,NULL,NULL,NULL,false,medium,19
ca3c44ec-7eb6-51a0-8bbe-6a49f6602ed1,68a8e7de-52a9-5b4b-97ce-52b77738cd35,After Masonry Work,Documentation: Are records of material inspection results being maintained?,NULL,NULL,NULL,NULL,false,medium,20
80c835b1-5efe-50c0-8c02-a424b4a96605,68a8e7de-52a9-5b4b-97ce-52b77738cd35,After Masonry Work,Waste Disposal: Is the disposal of waste materials being done in accordance with environmental regulations?,NULL,NULL,NULL,NULL,false,medium,21
b0fdb075-60c4-534e-93ed-a27090fa6058,4f2702a8-a465-5159-af37-297386c24076,Before Plastering Work,Review Plastering Plans: Have the architectural AFC drawings been checked for plastering details?,NULL,NULL,NULL,NULL,false,medium,0
ab17489f-e5f7-5c9f-8e59-dca8df4ddb8c,4f2702a8-a465-5159-af37-297386c24076,Before Plastering Work,Material Inspection: Is the quality and suitability of plaster materials checked?,NULL,NULL,NULL,NULL,false,medium,1
1db58b2a-e735-5f65-96bc-b23c265e1467,4f2702a8-a465-5159-af37-297386c24076,Before Plastering Work,Safety Measures: Have safety precautions for workers and the construction site been checked?,NULL,NULL,NULL,NULL,false,medium,2
3e3a0429-21d1-5d2c-ba47-c4eb9f5c6b88,4f2702a8-a465-5159-af37-297386c24076,Before Plastering Work,Work Area Cleaning: Is the work area cleaned and free of debris?,NULL,NULL,NULL,NULL,false,medium,3
be1d8d94-5b86-5abf-a568-e0d35d4ee402,4f2702a8-a465-5159-af37-297386c24076,Before Plastering Work,"Preceding Activities: Are preceding activities like fixing DB, service conduits and module boxes checked for completion?",NULL,NULL,NULL,NULL,false,medium,4
bd00bb90-3068-5530-8ef7-f569285693ad,4f2702a8-a465-5159-af37-297386c24076,Before Plastering Work,Protection of Module Boxes: Are module boxes and distribution boards (DB) adequately protected?,NULL,NULL,NULL,NULL,false,medium,5
a967e602-ab71-520a-9ffa-18171e46b353,4f2702a8-a465-5159-af37-297386c24076,Before Plastering Work,"MEP Clearance: Has MEP (Mechanical, Electrical, Plumbing) clearance been received before proceeding with plastering?",NULL,NULL,NULL,NULL,false,medium,6
d0ae7cb6-2b73-564a-8a73-d41091baf03a,4f2702a8-a465-5159-af37-297386c24076,Before Plastering Work,Mixing sheets: Arranged for mixing sheet for mortar mixing?,NULL,NULL,NULL,NULL,false,medium,7
91da1ea0-5d2e-5edf-bdc7-ed942d91e575,4f2702a8-a465-5159-af37-297386c24076,Before Plastering Work,Material arrangement: Arranged for Fibre mesh/ Chicken mesh/ Corner bead as per approved specification?,NULL,NULL,NULL,NULL,false,medium,8
116a108b-990e-59bf-ba85-b8f12dffbee6,4f2702a8-a465-5159-af37-297386c24076,Before Plastering Work,"Plastering area confirmation: Confirmed rough plastering area, No plastering area in ceiling etc?",NULL,NULL,NULL,NULL,false,medium,9
3b77c4d0-2093-58ec-88c3-2b9b6e8b3e7d,4f2702a8-a465-5159-af37-297386c24076,Before Plastering Work,Level marking: 1m Level is marked for all the floors (preferaly on the lift walls) and height of all openings checked with this level.,NULL,NULL,NULL,NULL,false,medium,10
d8cc7843-756a-5f06-8e54-534525a6b556,4f2702a8-a465-5159-af37-297386c24076,Surface Preparation & plastering,Hacking and Surface Preparation: Has the smooth concrete surface been properly hacked and loose particles from mortar joints cleared?,NULL,NULL,NULL,NULL,false,medium,11
7ad0807e-7b0f-5de3-815a-9e51eaaeb76d,4f2702a8-a465-5159-af37-297386c24076,Surface Preparation & plastering,Repairs and Chasing: Have any chasing or other portions been repaired using the same mortar mix as the rest of the plaster?,NULL,NULL,NULL,NULL,false,medium,12
d2c863f9-25b6-5857-8968-7e4086ae0e4b,4f2702a8-a465-5159-af37-297386c24076,Surface Preparation & plastering,Cleaning and Washing: Is there a check for the cleaning and washing of masonry and RCC surfaces before plastering?,NULL,NULL,NULL,NULL,false,medium,13
de914cb1-8141-5d35-9696-cb4a19156da5,4f2702a8-a465-5159-af37-297386c24076,Surface Preparation & plastering,Electrical Fittings: Have all electrical points been checked from the finished floor level (FFL)?,NULL,NULL,NULL,NULL,false,medium,14
f1129c4a-7d0f-5394-8d04-58a6456fe9a9,4f2702a8-a465-5159-af37-297386c24076,Surface Preparation & plastering,"Mesh in Joints: Is the mesh in joints of repair portions, concrete and block joints checked?",NULL,NULL,NULL,NULL,false,medium,15
0f05dd37-f0c6-57e7-afe6-9780a2645d3a,4f2702a8-a465-5159-af37-297386c24076,Surface Preparation & plastering,Bull Marks: Have bull marks been ensured to maintain consistent thickness and smoothness across plastered surfaces?,NULL,NULL,NULL,NULL,false,medium,16
9c88ebb0-acad-5a5d-b89c-bffcde019754,4f2702a8-a465-5159-af37-297386c24076,Surface Preparation & plastering,Around Doors and Windows: Is there a check around the openings of doors and windows for proper plastering work?,NULL,NULL,NULL,NULL,false,medium,17
6307ec28-5dc8-5bda-b03f-b6041aa5c44f,4f2702a8-a465-5159-af37-297386c24076,Surface Preparation & plastering,Mortar Mixing: Has the proper mixing of mortar been verified as per design specifications and standard procedure?,NULL,NULL,NULL,NULL,false,medium,18
04de9faf-d923-50c5-8b36-bbbcf6c19999,4f2702a8-a465-5159-af37-297386c24076,Surface Preparation & plastering,Mortar Setting Time: Is it ensured that the mortar is consumed within the initial setting time of cement?,NULL,NULL,NULL,NULL,false,medium,19
9bf39961-3410-53e5-b8fe-7a98c0ece20b,4f2702a8-a465-5159-af37-297386c24076,Surface Preparation & plastering,"Architectural Features: Have architectural features such as grooves, bands, etc., and their alignment with the design been checked?",NULL,NULL,NULL,NULL,false,medium,20
a387d31a-f9e6-557f-9306-77341d7002ce,4f2702a8-a465-5159-af37-297386c24076,Surface Preparation & plastering,"Finish and Aesthetics: Is there a check for straight edges, sharp corners and finish of the plaster as per standards?",NULL,NULL,NULL,NULL,false,medium,21
735e35c0-66d4-5fc1-8759-14e5e44848aa,4f2702a8-a465-5159-af37-297386c24076,After Plastering Work,Documentation: Are records of material inspection results being maintained?,NULL,NULL,NULL,NULL,false,medium,22
df556744-0146-53e8-b34e-6a7c4d0cf883,4f2702a8-a465-5159-af37-297386c24076,After Plastering Work,Work Done Date: Is the work done date prominently displayed on the plastered surface?,NULL,NULL,NULL,NULL,false,medium,23
ffc6e84c-434d-5340-8ae8-79eef0ff088e,4f2702a8-a465-5159-af37-297386c24076,After Plastering Work,Cleaning: Has a check been conducted to ensure proper cleaning of the area after plastering?,NULL,NULL,NULL,NULL,false,medium,24
e97a7518-c54d-5e1f-af16-447358785cf1,4f2702a8-a465-5159-af37-297386c24076,After Plastering Work,Waste Disposal: Is there proper disposal of waste materials according to environmental regulations?,NULL,NULL,NULL,NULL,false,medium,25
d25ccc23-be0a-52f3-a39e-1d05763b70e7,8729afe8-5c5b-5316-9726-fcc4caf1905d,Surface Preparation,"Surface Preparation: Have surfaces been ensured to be clean, dry, and free from contaminants and has patchwork been done on cavities using an approved repair mortar?",NULL,NULL,NULL,NULL,false,medium,0
0829b20e-b0b7-5b68-8c96-7af25c6a2419,8729afe8-5c5b-5316-9726-fcc4caf1905d,Surface Preparation,Water Ponding Test: Was an initial water ponding test conducted in the sunken slab before core cutting to check for any potential leakage?,NULL,NULL,NULL,NULL,false,medium,1
d289da80-37c9-5e26-8135-d4e5f657b17c,8729afe8-5c5b-5316-9726-fcc4caf1905d,Surface Preparation,Core Cutting and Sleeve Fixing: Has core cutting and sleeve fixing for pipes been confirmed as needed?,NULL,NULL,NULL,NULL,false,medium,2
0e77ac0b-41a1-5ceb-a534-5181f539262c,8729afe8-5c5b-5316-9726-fcc4caf1905d,Surface Preparation,Closing Open Pipes: Have open pipes been checked to ensure they are properly sealed for top protection?,NULL,NULL,NULL,NULL,false,medium,3
5810413f-601c-55d6-b8e9-ac5da935f6ba,8729afe8-5c5b-5316-9726-fcc4caf1905d,Surface Preparation,Leakage Inspection: Is there a check for any existing leakage using a water ponding test?,NULL,NULL,NULL,NULL,false,medium,4
fb4602d1-cc34-5952-b548-57903dfeca9b,8729afe8-5c5b-5316-9726-fcc4caf1905d,During Waterproofing,"Pressure Grouting: If any leaks are found, has pressure grouting been performed to seal the leaks as per approved specifications?",NULL,NULL,NULL,NULL,false,medium,5
3d1f29c5-95f8-5241-862b-0dc9e717dcf8,8729afe8-5c5b-5316-9726-fcc4caf1905d,During Waterproofing,Mixing Ratio: Is the ratio of mixing waterproofing material with water in accordance with manufacturer specifications?,NULL,NULL,NULL,NULL,false,medium,6
d035ede9-46ae-59b5-91ec-ec06d6cf5e89,8729afe8-5c5b-5316-9726-fcc4caf1905d,During Waterproofing,"Application of First Coat: Has the first coat been applied, and can the date of application be verified?",NULL,NULL,NULL,NULL,false,medium,7
91079240-1309-5e5a-acc0-1b7fe867a92f,8729afe8-5c5b-5316-9726-fcc4caf1905d,During Waterproofing,"Application of Second Coat: Has the second coat been applied, and can the date of application be confirmed?",NULL,NULL,NULL,NULL,false,medium,8
dfb65127-5da5-5e97-94c9-61c861edc653,8729afe8-5c5b-5316-9726-fcc4caf1905d,During Waterproofing,Air Curing Time Check: Has the air curing time been verified as per specifications to ensure proper drying and curing of applied materials?,NULL,NULL,NULL,NULL,false,medium,9
172ab592-7658-5cef-8e88-facb808fb0c4,8729afe8-5c5b-5316-9726-fcc4caf1905d,During Waterproofing,Protective Plastering: Is the application of protective plastering in accordance with the recorded date?,NULL,NULL,NULL,NULL,false,medium,10
e90d2a35-55c1-5be8-83de-6b0e3ff6d0f8,8729afe8-5c5b-5316-9726-fcc4caf1905d,During Waterproofing,Spout Plastering Slope: Is the plastering slope of spouts as per design specifications?,NULL,NULL,NULL,NULL,false,medium,11
805b56b2-f502-5a6d-8c49-eddae56a3131,8729afe8-5c5b-5316-9726-fcc4caf1905d,During Waterproofing,"Water Ponding Test: Has a water ponding test been conducted, and can the date of the test be recorded?",NULL,NULL,NULL,NULL,false,medium,12
a2f8ebf3-20fe-593a-9590-6b29ab80d395,8729afe8-5c5b-5316-9726-fcc4caf1905d,During Waterproofing,Leak Inspection: Can it be confirmed that no leaks are present after the completion of waterproofing?,NULL,NULL,NULL,NULL,false,medium,13
5d66b0b9-a9e6-55f0-8ba6-970d8d1c9ef1,8729afe8-5c5b-5316-9726-fcc4caf1905d,After Waterproofing,Quality Inspection: Has the quality and finish of the waterproofing work been thoroughly inspected?,NULL,NULL,NULL,NULL,false,medium,14
2f517aec-4c4b-5541-8c75-1365b1e36f3c,8729afe8-5c5b-5316-9726-fcc4caf1905d,After Waterproofing,"Documentation: Are records of material data sheet, test certificates and manufacturer's guidelines being properly maintained?",NULL,NULL,NULL,NULL,false,medium,15
cb2a7fe1-b615-5077-9674-aa186bae0ea9,8729afe8-5c5b-5316-9726-fcc4caf1905d,After Waterproofing,Waste Disposal: Is the disposal of waste materials and containers being carried out in compliance with environmental regulations?,NULL,NULL,NULL,NULL,false,medium,16
1c273ac0-b2c4-57fa-a66d-00f35bd11529,4161931e-4a6e-5e95-9e5e-0eaeee17736a,Before Painting Work,"Surface Cleaning: Has the cleaning of wall and ceiling surfaces been checked to ensure they are free from dampness, dead mortar, dirt, dust, algae, grease, etc.?",NULL,NULL,NULL,NULL,false,medium,0
c11cc831-1950-54dc-9190-ba608d6657df,4161931e-4a6e-5e95-9e5e-0eaeee17736a,Before Painting Work,Surface Preparation: Are pits or undulations in the plaster checked and ensured to be filled and made smooth for painting?,NULL,NULL,NULL,NULL,false,medium,1
cf799c2b-82e5-5a9e-9c00-8aa208daaa44,4161931e-4a6e-5e95-9e5e-0eaeee17736a,Before Painting Work,Putty Application - 1st coat: Has the 1st coat of putty been applied to fill any imperfections and achieve a smooth surface?,NULL,NULL,NULL,NULL,false,medium,2
0d3dac7a-ea79-5579-946e-3189ab42110e,4161931e-4a6e-5e95-9e5e-0eaeee17736a,Before Painting Work,Putty Application - 2nd coat: Has the 2nd coat of putty been applied to achieve a perfect and smooth surface?,NULL,NULL,NULL,NULL,false,medium,3
0199fd38-a06f-5925-bb5e-f88115098b68,4161931e-4a6e-5e95-9e5e-0eaeee17736a,Before Painting Work,Primer Application: Is it confirmed that 1 coat of primer has been applied to the surfaces after proper sanding and levelling?,NULL,NULL,NULL,NULL,false,medium,4
74cb34fe-c5d0-5f6f-992a-92f6c10fe5a4,4161931e-4a6e-5e95-9e5e-0eaeee17736a,During Painting Work,Paint Mix Proportion: Has the proportion of paint mix with water been checked as per the manufacturer's specifications?,NULL,NULL,NULL,NULL,false,medium,5
81fd4972-01a6-51a1-b224-06caef6dd17c,4161931e-4a6e-5e95-9e5e-0eaeee17736a,During Painting Work,"Tools Quality: Is the quality of tools used for painting works, such as brushes, rollers, and sprayers, verified?",NULL,NULL,NULL,NULL,false,medium,6
1be87cbe-34e8-50a6-af87-8972ce38c094,4161931e-4a6e-5e95-9e5e-0eaeee17736a,During Painting Work,1st coat Painting: Was 1st coat of paint applied?,NULL,NULL,NULL,NULL,false,medium,7
2a15bd07-fa6b-50ab-a7b5-243ccfbdd766,4161931e-4a6e-5e95-9e5e-0eaeee17736a,During Painting Work,2nd coat Painting: Was 2nd coat of paint applied to achieve the desired color and finish?,NULL,NULL,NULL,NULL,false,medium,8
b5b77a33-83d3-5fe6-9629-f19b484bcb83,4161931e-4a6e-5e95-9e5e-0eaeee17736a,During Painting Work,Time Interval Between Coats: Was the specified time interval between two coats observed during the painting process?,NULL,NULL,NULL,NULL,false,medium,9
35a0ea2d-e73c-57e2-b8ef-e82380c65bf2,4161931e-4a6e-5e95-9e5e-0eaeee17736a,After Painting Work,Quality Inspection: Was a thorough inspection conducted to assess the quality and finish of the painting work?,NULL,NULL,NULL,NULL,false,medium,10
de4a7320-34fc-5e24-8992-2d47c4a458e3,4161931e-4a6e-5e95-9e5e-0eaeee17736a,After Painting Work,Color Consistency: Has the color consistency and shade been verified to ensure it matches the project requirements?,NULL,NULL,NULL,NULL,false,medium,11
5f0497d0-6361-5add-a8ba-6f80e379b3e7,4161931e-4a6e-5e95-9e5e-0eaeee17736a,After Painting Work,"Documentation: Are detailed records being maintained for painting work, materials, inspection results, and any manufacturer's guidelines?",NULL,NULL,NULL,NULL,false,medium,12
492d9b3d-5d1a-5da5-8e23-2a8e606defaf,4161931e-4a6e-5e95-9e5e-0eaeee17736a,After Painting Work,Waste Disposal: Is the disposal of waste materials and paint cans being carried out in accordance with environmental regulations?,NULL,NULL,NULL,NULL,false,medium,13
ec5decda-ad22-591c-983a-5aee6fb0b07f,6dcf409f-e5f0-5ef0-b022-d3e5ed81b010,Before Tiling Work,Base Surface Cleanliness: Has the base surface been verified to be clean and free from loose mortar and debris?,NULL,NULL,NULL,NULL,false,medium,0
090ad066-e787-53ce-ae78-345464d1ce27,6dcf409f-e5f0-5ef0-b022-d3e5ed81b010,Before Tiling Work,"Service Conduits and Junction Boxes: Are there clearance for service conduits, junction boxes, and electrical points as required?",NULL,NULL,NULL,NULL,false,medium,1
c7461532-6e08-5c2c-92d4-df98c6ca9447,6dcf409f-e5f0-5ef0-b022-d3e5ed81b010,Before Tiling Work,"Tile Quality: Has the quality of tiles, including size, bend, color variation, and other visual attributes, been inspected?",NULL,NULL,NULL,NULL,false,medium,2
04b415c4-8170-5798-b1ee-41c76e6c7948,6dcf409f-e5f0-5ef0-b022-d3e5ed81b010,Before Tiling Work,Soaking of Tiles: Have the tiles (ceramic tiles) been properly soaked in water before installation to ensure optimal adhesion and performance?,NULL,NULL,NULL,NULL,false,medium,3
0defe7ee-9c67-56ee-a833-7ed4704afc7d,6dcf409f-e5f0-5ef0-b022-d3e5ed81b010,Before Tiling Work,Slope Planning: Is the planning and finalization of slopes to the tiled surface in accordance with specifications?,NULL,NULL,NULL,NULL,false,medium,4
ef84c146-f676-5cf7-ac12-91de21282140,6dcf409f-e5f0-5ef0-b022-d3e5ed81b010,Before Tiling Work,Water Proofing: Has the waterproofing of bathrooms been confirmed before commencing bathroom tiling works?,NULL,NULL,NULL,NULL,false,medium,5
adbca580-880d-5246-bd79-0f461debb59d,6dcf409f-e5f0-5ef0-b022-d3e5ed81b010,During Tiling Work,Mortar Bed Thickness: Has the thickness of the mortar bed been checked to ensure it meets specifications?,NULL,NULL,NULL,NULL,false,medium,6
09566ce4-adac-58d2-b55b-02c1e3f9a630,6dcf409f-e5f0-5ef0-b022-d3e5ed81b010,During Tiling Work,Cutting of Tile Edges: Are the tile edges properly cut to fit the designated spaces?,NULL,NULL,NULL,NULL,false,medium,7
96eaaea8-0160-5a01-8b25-195a31c3c173,6dcf409f-e5f0-5ef0-b022-d3e5ed81b010,During Tiling Work,Tile Joint Cleaning: Has the cleaning of tile joints been carried out thoroughly?,NULL,NULL,NULL,NULL,false,medium,8
8b860bbe-0160-52d8-892c-59fd41b0a10c,6dcf409f-e5f0-5ef0-b022-d3e5ed81b010,During Tiling Work,Curing of Tiling: Has the tiling been adequately cured for the specified period?,NULL,NULL,NULL,NULL,false,medium,9
b3964d4b-6292-5da0-8567-89ebde6e2d44,6dcf409f-e5f0-5ef0-b022-d3e5ed81b010,During Tiling Work,"Final Surface Inspection: Was a final inspection conducted to ensure the surface is level, follows the desired pattern, has the correct finish, and the slopes are as planned?",NULL,NULL,NULL,NULL,false,medium,10
d186e26e-33dc-5f77-8366-3734cbbbfd22,6dcf409f-e5f0-5ef0-b022-d3e5ed81b010,After Tiling Work,"Tile Protection: Have tile protection sheets been provided, if needed, to protect the finished tiles?",NULL,NULL,NULL,NULL,false,medium,11
e56cc6cb-3dbe-5a2b-bcda-7e32092e7e30,6dcf409f-e5f0-5ef0-b022-d3e5ed81b010,After Tiling Work,Quality Inspection: Has a quality inspection been conducted to assess the quality and finish of the flooring and dadoing work?,NULL,NULL,NULL,NULL,false,medium,12
f4570b17-72b1-5e06-a619-a2009a224c3c,6dcf409f-e5f0-5ef0-b022-d3e5ed81b010,After Tiling Work,Documentation: Have records of material inspection results been maintained?,NULL,NULL,NULL,NULL,false,medium,13
c4834de4-e5ef-5553-8066-f5b717f0c18f,6dcf409f-e5f0-5ef0-b022-d3e5ed81b010,After Tiling Work,Waste Disposal: Have waste materials and containers been disposed of in accordance with environmental regulations?,NULL,NULL,NULL,NULL,false,medium,14
302c8203-541b-5168-9ed3-77ab99d6a389,d6085279-18c9-5a67-8f98-5c8ed305ce52,Specification and Dimension,Specification Compliance: Has it been verified that the joinery provided aligns with the specifications and AFC drawings?,NULL,NULL,NULL,NULL,false,medium,0
05d23c20-f886-54c6-862d-3e7be5a1b15d,d6085279-18c9-5a67-8f98-5c8ed305ce52,Specification and Dimension,Dimension and Size: Have the dimensions and size of the joinery components been checked as per design specifications?,NULL,NULL,NULL,NULL,false,medium,1
81fb7118-295b-5161-bba2-be53b2a3c35c,d6085279-18c9-5a67-8f98-5c8ed305ce52,Specification and Dimension,Workmanship: Has the workmanship and the quality of the joinery work been checked?,NULL,NULL,NULL,NULL,false,medium,2
6578416e-942e-516d-8def-9e3ebfe23a8a,d6085279-18c9-5a67-8f98-5c8ed305ce52,Finishing and Physical Condition,Door and Frame Condition: Have the finishing and physical condition of the doors and frames been checked?,NULL,NULL,NULL,NULL,false,medium,3
9a3e84e9-af9b-5579-bd63-5d85fb041b30,d6085279-18c9-5a67-8f98-5c8ed305ce52,Finishing and Physical Condition,"Hardware and Fixtures: Have the hardware, fixtures, glazing, etc., been checked to match the drawing/specifications?",NULL,NULL,NULL,NULL,false,medium,4
ff69b88d-5805-5f05-8e45-fca0e26fa8a4,d6085279-18c9-5a67-8f98-5c8ed305ce52,Finishing and Physical Condition,"Aluminium/UPVC Section Quality: Has the brand, gauge and specification of aluminium/UPVC sections been checked with reference to the sample provided?",NULL,NULL,NULL,NULL,false,medium,5
07e794ab-2609-5de7-ad5f-1602b377d174,d6085279-18c9-5a67-8f98-5c8ed305ce52,Installation and Fixing,Rainwater Drainage Hole: Have adequate rainwater drain holes been provided as per standard execution details?,NULL,NULL,NULL,NULL,false,medium,6
881f2734-99e3-5836-b41d-e29faacf6cb2,d6085279-18c9-5a67-8f98-5c8ed305ce52,Installation and Fixing,Fixing of Aluminium/UPVC Joinery: Is the installation and fixing of aluminium/UPVC joinery following the standard execution details?,NULL,NULL,NULL,NULL,false,medium,7
49f0088b-7282-5de8-9181-7bf09f344ac6,d6085279-18c9-5a67-8f98-5c8ed305ce52,Installation and Fixing,Silicon Sealant Gap: Has a 3 mm gap been provided all around the aluminium/UPVC joineries to accommodate silicon sealant?,NULL,NULL,NULL,NULL,false,medium,8
d9d25c3b-f164-5474-a215-11b5ea96c779,d6085279-18c9-5a67-8f98-5c8ed305ce52,Post-Completion Inspection,"Quality Inspection: Has the overall quality, alignment, and functioning of the joinery been checked?",NULL,NULL,NULL,NULL,false,medium,9
4be8c8d3-bb3b-5ac3-bed1-4cabe11b0340,d6085279-18c9-5a67-8f98-5c8ed305ce52,Post-Completion Inspection,Documentation: Are records of material inspection results being maintained?,NULL,NULL,NULL,NULL,false,medium,10
de01db87-5eb1-5658-9411-ae614d1e76b6,d6085279-18c9-5a67-8f98-5c8ed305ce52,Post-Completion Inspection,Waste Disposal: Are waste materials and containers being disposed of in accordance with environmental regulations?,NULL,NULL,NULL,NULL,false,medium,11
acfbad64-0778-5918-b0ea-0b03a300f3a6,3cf59acf-89d3-5765-a63f-3b2180b4f022,On receipt at site,Check for specifications as per BOQ,NULL,NULL,NULL,NULL,false,medium,0
2c04c86f-8c72-50fb-8728-81bad01e4384,3cf59acf-89d3-5765-a63f-3b2180b4f022,On receipt at site,Check for Delivery Challan attached,NULL,NULL,NULL,NULL,false,medium,1
76a56b24-d305-59ef-81e7-f7c639388488,3cf59acf-89d3-5765-a63f-3b2180b4f022,On receipt at site,Check for quantity as per DC,NULL,NULL,NULL,NULL,false,medium,2
5ea22676-3f05-51f6-b300-1c48e5ae5076,3cf59acf-89d3-5765-a63f-3b2180b4f022,On receipt at site,Manufacturer test certificate attached with tested parameters,NULL,NULL,NULL,NULL,false,medium,3
74ea1d1d-bd88-5b86-8a5f-284accf4dbf8,3cf59acf-89d3-5765-a63f-3b2180b4f022,On receipt at site,"Check for expiry date of material (in the remarks specify the date, if any, as per manufacturer specification and whether it is AJepted)",NULL,NULL,NULL,NULL,false,medium,4
291e7430-65a2-5f2a-8377-73fa22eef04b,3cf59acf-89d3-5765-a63f-3b2180b4f022,On receipt at site,Check the material in approved material list,NULL,NULL,NULL,NULL,false,medium,5
3a26086c-747a-56e0-b9fb-6ba336917663,3cf59acf-89d3-5765-a63f-3b2180b4f022,On receipt at site,Check for quality of material as per QTP (in the remarks specify the check conducted and the result and whether it is AJepted),NULL,NULL,NULL,NULL,false,medium,6
1b252ef5-99f6-5782-b69a-7b8a7dcd1611,3cf59acf-89d3-5765-a63f-3b2180b4f022,On receipt at site,Check for dimensional stability,NULL,NULL,NULL,NULL,false,medium,7
1624fd28-a98f-5f1d-a374-d45cb4e1ecb6,3cf59acf-89d3-5765-a63f-3b2180b4f022,On receipt at site,Check for Unit weight,NULL,NULL,NULL,NULL,false,medium,8
17584887-8d04-51d2-ba1c-53429985663f,3cf59acf-89d3-5765-a63f-3b2180b4f022,On receipt at site,Check for colour,NULL,NULL,NULL,NULL,false,medium,9
ec44467c-26d2-501d-b37e-1368c1094f2a,3cf59acf-89d3-5765-a63f-3b2180b4f022,On receipt at site,Check for any breakages/damages in the material,NULL,NULL,NULL,NULL,false,medium,10
